location,AreaKM2
Austria,83855
Belgium,30528
Bulgaria,110994
Croatia,56594
Cyprus,9251
Czech Republic,78866
Denmark,43075
Estonia,45227
Finland,338424
France,549087
Germany,357021
Greece,131990
Hungary,93030
Ireland,70273
Italy,301338
Latvia,64589
Lithuania,65200
Luxembourg,2586
Malta,316
Netherlands,41543
Poland,312685
Portugal,92390
Romania,238391
Slovakia,49035
Slovenia,20273
Spain,504030
Sweden,449964
United Kingdom,243610
